offer_id,portal,job_title,company,location,seniority_raw,seniority_group,work_mode_raw,work_mode_group,employment_raw,employment_group,category_raw,category_group,tools_raw,salary_raw,salary_disclosed,record_quality,source_url,access_date,tasks_competencies,requirements,fit_notes,status_raw,duplicate_source_url,duplicate_title_company
1,Pracuj.pl,Junior Data Analyst / Młodszy Analityk Danych,OEC Sp. z o.o.,"Kraków, Podgórze",junior,Junior / entry,hybrydowa,Hybrid,umowa o pracę,Employment contract,analityczne / dane,Data analysis,MS Office,brak informacji,No,Verified,https://www.pracuj.pl/praca/junior-data-analyst-mlodszy-analityk-danych-krakow-wadowicka-3a%2Coferta%2C1004923871,2026-07-09,"analiza i weryfikacja danych, katalogi elektroniczne, jakość informacji","angielski B2, MS Office, umiejętności analityczne","bardzo pasuje – dane, jakość informacji, katalogi, praca z informacją",zweryfikowana – aktywna wg źródła,No,No
2,Pracuj.pl,Młodszy analityk danych (k/m),Polskie Supermarkety Sp. z o.o.,"Giebnia, pow. inowrocławski",junior,Junior / entry,stacjonarna,On-site,umowa o pracę,Employment contract,analityczne / dane,Data analysis,brak informacji,5 000–6 000 zł brutto/mies.,Yes,Verified,https://www.pracuj.pl/praca/mlodszy-analityk-danych-k-m-giebnia-pow-inowroclawski%2Coferta%2C1004955778,2026-07-09,analiza danych,junior,pasuje – młodszy analityk danych,zweryfikowana,No,No
3,Pracuj.pl,Junior Data Governance Analyst,Randstad Polska Sp. z o.o.,Kraków,junior,Junior / entry,hybrydowa,Hybrid,umowa o pracę tymczasową,Employment contract,data governance,Data governance & quality,brak informacji,brak informacji,No,Verified,https://www.pracuj.pl/praca/junior-data-governance-analyst-krakow%2Coferta%2C1004922861,2026-07-09,zarządzanie jakością i ładem danych,junior,bardzo pasuje – data governance i zarządzanie informacją,zweryfikowana,No,No
4,Pracuj.pl,Junior Data Analyst,Autopay,Sopot,junior,Junior / entry,brak informacji,Unknown,brak informacji,Unknown,analityczne / dane,Data analysis,brak informacji,brak informacji,No,Verified,https://www.pracuj.pl/praca/junior-data-analyst-sopot-powstancow-warszawy-6%2Coferta%2C1004924842,2026-07-09,analiza danych,junior,pasuje – junior data analyst,zweryfikowana,No,No
5,Pracuj.pl,Młodszy Analityk Finansowy / Młodsza Analityczka Finansowa,PKO Ubezpieczenia,"Warszawa, Śródmieście",junior,Junior / entry,hybrydowa,Hybrid,umowa zlecenie,Civil-law contract,analityczne / finansowe,Data analysis,brak informacji,brak informacji,No,Verified,https://www.pracuj.pl/praca/mlodszy-analityk-finansowy-mlodsza-analityczka-finansowa-warszawa-swietokrzyska-36%2Coferta%2C1004905742,2026-07-09,"analiza, raportowanie, dane finansowe",junior,pasuje jako stanowisko analityczne dla absolwenta,zweryfikowana,No,No
6,Pracuj.pl,Młodszy Developer / Administrator Środowiska BI w Zespole Aplikacji Business Intelligence (k/m),ORLEN S.A.,Warszawa,junior/mid,Junior–Mid,hybrydowa,Hybrid,umowa o pracę,Employment contract,BI / systemy informacyjne,Reporting & BI,"Power BI, SQL",brak informacji,No,Verified,https://www.pracuj.pl/praca/mlodszy-developer-administrator-srodowiska-bi-w-zespole-aplikacji-business-intel-warszawa-bielanska-12%2Coferta%2C1004932531,2026-07-09,"administracja środowiskiem BI, dane, raportowanie",junior/mid,pasuje – BI i systemy informacyjne,zweryfikowana,No,No
7,Pracuj.pl,Młodszy Analityk Danych (k/m),Diagnosis S.A.,Białystok,junior,Junior / entry,stacjonarna,On-site,umowa o pracę,Employment contract,analityczne / dane,Data analysis,brak informacji,brak informacji,No,Verified,https://www.pracuj.pl/praca/mlodszy-analityk-danych-k-m-bialystok%2Coferta%2C1004922237,2026-07-09,analiza danych,"junior, angielski",pasuje – młodszy analityk danych,zweryfikowana,No,No
8,Pracuj.pl,Junior Data Analyst (Power BI) (K/M),IT SQUAD Sp. z o.o.,Warszawa,junior,Junior / entry,hybrydowa,Hybrid,umowa zlecenie / B2B,Multiple options,BI / analiza danych,Reporting & BI,"SQL, Excel, Power BI",brak informacji,No,Verified,https://www.pracuj.pl/praca/junior-data-analyst-power-bi-k-m-warszawa%2Coferta%2C1004935491,2026-07-09,"analiza danych, raportowanie, BI",junior,"bardzo pasuje – Excel, SQL, Power BI",zweryfikowana,No,No
9,Pracuj.pl,Junior Group Purchasing Data Analyst (M/F/X),Eurofins GSC Poland Sp. z o.o.,Katowice,junior,Junior / entry,hybrydowa,Hybrid,umowa o pracę,Employment contract,analityczne / purchasing data,Data analysis,brak informacji,brak informacji,No,Verified,https://www.pracuj.pl/praca/junior-group-purchasing-data-analyst-m-f-x-katowice-ksiedza-piotra-sciegiennego-3%2Coferta%2C1004954842,2026-07-09,analiza danych zakupowych,junior,pasuje – analiza danych w organizacji,zweryfikowana,No,No
10,Pracuj.pl,Młodszy Analityk Biznesowy (k/m),Salve Medica Sp. z o.o. Sp. k.,Łódź,junior,Junior / entry,stacjonarna,On-site,umowa o pracę,Employment contract,analityczne / biznesowe,Business & systems analysis,brak informacji,brak informacji,No,Verified,https://www.pracuj.pl/praca/mlodszy-analityk-biznesowy-k-m-lodz-szparagowa-10%2Coferta%2C1004956478,2026-07-09,"analiza biznesowa, raporty, dane",junior,pasuje – analityka biznesowa i informacja organizacyjna,zweryfikowana,No,No
11,Pracuj.pl,Młodszy analityk/tester (k/m),autoDNA.pl,Łódź,junior,Junior / entry,stacjonarna,On-site,umowa o pracę / B2B,Multiple options,analityczne / testowanie / dane,Data analysis,"SQL, MS Office, GitLab, Postman, BPMN, UML",brak informacji,No,Verified,https://www.pracuj.pl/praca/mlodszy-analityk-tester-k-m-lodz-obywatelska-128-152%2Coferta%2C1004892470,2026-07-09,"analiza danych pojazdów, dokumentacja, baza wiedzy, konfiguracja aplikacji","SQL podstawowy, Excel, angielski B1","bardzo pasuje – analiza danych, dokumentacja, baza wiedzy",zweryfikowana,No,No
12,Pracuj.pl,Młodszy Specjalista/Specjalista ds. Kalkulacji Ofert i Analiz Rynku (K/M),myORLEN sp. z o.o.,Warszawa,junior/mid,Junior–Mid,brak informacji,Unknown,brak informacji,Unknown,analizy rynku / raportowanie,Reporting & BI,brak informacji,brak informacji,No,Verified,https://www.pracuj.pl/praca/mlodszy-specjalista-specjalista-ds-kalkulacji-ofert-i-analiz-rynku-k-m-warszawa-jana-kazimierza-3%2Coferta%2C1004910029,2026-07-09,"analizy rynku, kalkulacje, zestawienia",junior/mid,pasuje – analiza rynku i danych organizacyjnych,zweryfikowana,No,No
13,Pracuj.pl,Data Analyst / BI Analyst (Power BI + Excel),POLSKIE PRACOWNIE OPTYCZNE sp. z o.o.,Warszawa,mid/senior,Mid+,stacjonarna/hybrydowa,Hybrid,B2B,B2B,BI / dane,Reporting & BI,"Power BI, Excel",brak informacji,No,Verified,https://www.pracuj.pl/praca/data-analyst-bi-analyst-power-bi-%2B-excel-warszawa-plac-marszalka-jozefa-pilsudskiego-2%2Coferta%2C1004898630,2026-07-09,"analiza danych, BI, raportowanie",mid/senior,"pasuje merytorycznie, ale poziom wyższy – ewentualnie porównawczo",zweryfikowana – raczej nie jako główny junior,No,No
14,Pracuj.pl,Staż w dziale Master Data,Stock Polska Sp. z o.o.,Lublin,staż,Junior / entry,stacjonarna,On-site,staż / praktyka,Internship / placement,master data / dane podstawowe,Data governance & quality,brak informacji,"31,50 zł brutto/godz.",Yes,Verified,https://www.pracuj.pl/praca/staz-w-dziale-master-data-lublin%2Coferta%2C1004923641,2026-07-09,"praca z danymi podstawowymi, wsparcie działu",staż,bardzo pasuje – poziom wejścia i master data,zweryfikowana,No,No
15,Pracuj.pl,HR Data Analyst,KPMG,Warszawa,mid,Mid+,hybrydowa,Hybrid,umowa o pracę / zastępstwo,Employment contract,HR analytics,Data analysis,brak informacji,brak informacji,No,Verified,https://www.pracuj.pl/praca/hr-data-analyst-warszawa-ulica-inflancka-4a%2Coferta%2C1004898652,2026-07-09,"analiza danych HR, raportowanie",mid,"pasuje merytorycznie, ale niekoniecznie junior",zweryfikowana – porównawczo,No,No
16,Pracuj.pl,Młodszy Specjalista ds. Dokumentacji Transakcyjnej (k/m),LipCo Foods International,Lublin,junior,Junior / entry,stacjonarna,On-site,umowa o pracę,Employment contract,dokumentacja / przetwarzanie danych,Information & documentation,brak informacji,brak informacji,No,Verified,https://www.pracuj.pl/praca/mlodszy-specjalista-ds-dokumentacji-transakcyjnej-k-m-lublin-zimna-2%2Coferta%2C1004938600,2026-07-09,"dokumentacja transakcyjna, obieg informacji",junior,pasuje – dokumentacja i informacja organizacyjna,zweryfikowana,No,No
17,RocketJobs,"Młodszy Analityk / Młodsza Analityczka w dziale QRS (Quality, Risk & Security)",Deloitte Business Delivery Solutions,Rzeszów,junior,Junior / entry,brak informacji,Unknown,brak informacji,Unknown,analityczne / risk / quality,Data analysis,"Excel, MS Office",brak informacji,No,Verified,https://rocketjobs.pl/oferta-pracy/deloitte-business-delivery-solutions-mlodszy-analityk-mlodsza-analityczka-w-dziale-qrs-quality-risk-security--rzeszow-bi-data,2026-07-09,"analiza, jakość, ryzyko, bezpieczeństwo",wykształcenie wyższe,"pasuje – analiza informacji, jakość, ryzyko",zweryfikowana,No,No
18,Pracuj.pl,Młodsza/Młodszy Specjalista ds. Strategii i Projektów (obszar analiz biznesowych),MPWiK w m.st. Warszawie S.A.,Warszawa,junior/mid,Junior–Mid,stacjonarna,On-site,umowa o pracę,Employment contract,analizy biznesowe / strategia,Business & systems analysis,"MS Office, Excel, PowerPoint",5 800–8 000 zł brutto/mies. dla młodszego specjalisty,Yes,Verified,https://www.pracuj.pl/praca/mlodsza-starsza-specjalistka-mlodszy-starszy-specjalista-ds-strategii-i-projekto-warszawa-czerniakowska-124%2Coferta%2C1004956310,2026-07-09,"analizy strategiczne, raporty, dane w systemach, sprawozdania",min. 1 rok preferowany,"pasuje – raportowanie, analiza, systemy, dane",zweryfikowana,No,No
19,Pracuj.pl,Młodszy Kierownik Projektu / Analityk IT (k/m/os.),ASSECO DATA SYSTEMS S.A.,Szczecin,junior / koordynator,Junior–Mid,hybrydowa,Hybrid,umowa o pracę,Employment contract,analiza IT / projekty,Business & systems analysis,brak informacji,brak informacji,No,Verified,https://www.pracuj.pl/praca/mlodszy-kierownik-projektu-analityk-it-k-m-os-szczecin-krolowej-korony-polskiej-21%2Coferta%2C1004913881,2026-07-09,"analiza IT, koordynacja informacji projektowej",brak informacji,pasuje częściowo – analiza IT i informacja projektowa,zweryfikowana,No,No
20,Pracuj.pl,Junior Revenue Analyst (K/M) Data & Pricing Hospitality / Młodszy Analityk Przychodów,FOREST MIĘDZYZDROJE sp. z o.o.,Międzyzdroje,junior,Junior / entry,brak informacji,Unknown,brak informacji,Unknown,revenue/data/pricing,Data analysis,brak informacji,brak informacji,No,Verified,https://www.pracuj.pl/praca/junior-revenue-analyst-k-m-data-pricing-hospitality-mlodszy-analityk-przychodow-miedzyzdroje-ustronie-lesne-13%2Coferta%2C1004893803,2026-07-09,"analiza przychodów, dane, polityka cenowa",junior,pasuje – analiza danych i polityka cenowa,zweryfikowana,No,No
21,Pracuj.pl,"Analityk / Analityczka (Sprzedaż, CRM, Rynek)",Human Group,Cała Polska / zdalnie,mid,Mid+,zdalna,Remote,B2B,B2B,CRM / analiza rynku,Business & systems analysis,brak informacji,11 000–16 000 zł netto + VAT/mies.,Yes,Verified,https://www.pracuj.pl/praca/analityk-analityczka-sprzedaz-crm-rynek-warszawa%2Coferta%2C1004924123,2026-07-09,"CRM, sprzedaż, rynek, analiza danych",mid,"pasuje merytorycznie, ale nie junior",zweryfikowana – porównawczo,No,No
22,Pracuj.pl,Analityk Biznesowy / Analityczka Biznesowa,ProService Finteco Sp. z o.o.,Cała Polska / zdalnie,mid/senior,Mid+,zdalna/hybrydowa,Hybrid,umowa o pracę,Employment contract,analiza biznesowa,Business & systems analysis,brak informacji,brak informacji,No,Verified,https://www.pracuj.pl/praca/analityk-biznesowy-analityczka-biznesowa-warszawa-konstruktorska-12a%2Coferta%2C1004956211,2026-07-09,"analiza biznesowa, procesy, informacja organizacyjna",mid/senior,"pasuje merytorycznie, ale raczej nie entry-level",zweryfikowana – porównawczo,No,No
23,Pracuj.pl,Analityk systemowy (K/M),CodeTalent Sp. z o.o.,Warszawa,mid,Mid+,stacjonarna,On-site,umowa o pracę / B2B,Multiple options,analiza systemowa,Business & systems analysis,brak informacji,brak informacji,No,Verified,https://www.pracuj.pl/praca/analityk-systemowy-k-m-warszawa-marcina-kasprzaka-31%2Coferta%2C1004923615,2026-07-09,"analiza systemowa, wymagania, procesy",mid,"pasuje merytorycznie, ale nie junior",zweryfikowana – porównawczo,No,No
24,Pracuj.pl,Data Analyst,Mindbox Sp. z o.o.,Kraków,mid,Mid+,brak informacji,Unknown,brak informacji,Unknown,data analyst,Data analysis,brak informacji,brak informacji,No,Verified,https://www.pracuj.pl/praca/data-analyst-krakow%2Coferta%2C1004897445,2026-07-09,analiza danych,mid,"pasuje merytorycznie, ale nie junior",zweryfikowana – porównawczo,No,No
25,Pracuj.pl,Specjalista ds. Dokumentacji Wdrożeniowej (K/M),Grupa VIRTU,Zawiercie,mid,Mid+,brak informacji,Unknown,brak informacji,Unknown,dokumentacja / wdrożenia,Information & documentation,brak informacji,brak informacji,No,Verified,https://www.pracuj.pl/praca/specjalista-ds-dokumentacji-wdrozeniowej-k-m-zawiercie-losnicka-35%2Coferta%2C1004953523,2026-07-09,"dokumentacja wdrożeniowa, obieg informacji",mid,pasuje – dokumentacja i informacja organizacyjna,zweryfikowana,No,No
26,Pracuj.pl,Junior Business Analyst,EPAM Systems,Kraków / cała Polska zdalnie,junior,Junior / entry,zdalna,Remote,umowa o pracę / B2B,Multiple options,analiza biznesowa / AI/ML,Business & systems analysis,brak informacji,brak informacji,No,Archived direct record,https://www.pracuj.pl/praca/junior-business-analyst-krakow-fabryczna-1a%2Coferta%2C1004721234,2026-07-09,analiza biznesowa,junior,pasuje – junior business analyst,archiwalna/ wygasła wg źródła,No,No
27,Pracuj.pl,Junior Reporting Analyst with Python (M/F/D),DSV GBS,Warszawa,junior,Junior / entry,hybrydowa,Hybrid,umowa o pracę,Employment contract,raportowanie / Python,Reporting & BI,Python,brak informacji,No,Archived direct record,https://www.pracuj.pl/praca/junior-reporting-analyst-with-python-m-f-d-warszawa-tasmowa-10%2Coferta%2C1004875941,2026-07-09,"raportowanie, analiza danych, automatyzacja",junior,pasuje – raportowanie i narzędzia danych,archiwalna/ wygasła 6 dni wg źródła,No,No
28,Pracuj.pl,Junior Data Quality Analyst,Docplanner Tech,Warszawa,junior,Junior / entry,brak informacji,Unknown,brak informacji,Unknown,data quality,Data governance & quality,brak informacji,brak informacji,No,Archived direct record,https://www.pracuj.pl/praca/junior-data-quality-analyst-warszawa%2Coferta%2C1001286076,2026-07-09,"jakość danych, weryfikacja danych",junior,pasuje – jakość danych,archiwalna,No,No
29,Pracuj.pl,Junior Data Quality Assistant,Devire,Warszawa,assistant/junior,Junior / entry,hybrydowa,Hybrid,umowa zlecenie,Civil-law contract,data quality / SAP,Data governance & quality,SAP,6 000–7 000 zł brutto/mies.,Yes,Archived direct record,https://www.pracuj.pl/praca/junior-data-quality-assistant-warszawa%2Coferta%2C1003493158,2026-07-09,"jakość danych, projekt wdrożeniowy SAP",studenci mile widziani,"bardzo pasuje – poziom wejścia, jakość danych",archiwalna,No,No
30,Pracuj.pl,Młodszy Specjalista ds. dokumentacji eksportowej,Grupa Inter Cars,Czosnów,junior,Junior / entry,stacjonarna,On-site,umowa na zastępstwo,Employment contract,dokumentacja / dane,Information & documentation,brak informacji,brak informacji,No,Archived direct record,https://www.pracuj.pl/praca/mlodszy-specjalista-ds-dokumentacji-eksportowej-czosnow-pow-nowodworski-gdanska-15%2Coferta%2C1003839455,2026-07-09,"dokumentacja eksportowa, przetwarzanie danych","angielski, polski",pasuje – dokumentacja i przetwarzanie danych,archiwalna,No,No
31,Pracuj.pl,Młodszy specjalista ds. dokumentacji (k/m/n),ONDE S.A.,Końskie,junior/asystent,Junior / entry,stacjonarna,On-site,umowa o pracę,Employment contract,dokumentacja,Information & documentation,brak informacji,brak informacji,No,Archived direct record,https://www.pracuj.pl/praca/mlodszy-specjalista-ds-dokumentacji-k-m-n-konskie%2Coferta%2C1004770535,2026-07-09,"dokumentacja, obieg informacji",junior,pasuje – dokumentacja organizacyjna,archiwalna/ była ważna do maja wg źródła,No,No
32,Pracuj.pl,Młodszy Specjalista ds. Dokumentacji Importowej (m/k),AGATA S.A.,Katowice,junior/mid,Junior–Mid,stacjonarna,On-site,umowa o pracę,Employment contract,dokumentacja importowa,Information & documentation,brak informacji,brak informacji,No,Archived direct record,https://www.pracuj.pl/praca/mlodszy-specjalista-ds-dokumentacji-importowej-m-k-katowice-aleja-walentego-rozdzienskiego-93%2Coferta%2C1004809001,2026-07-09,"dokumentacja, procesy, dane transakcyjne",angielski,pasuje – dokumentacja i procesy informacyjne,archiwalna,No,No
33,Pracuj.pl,Młodszy Specjalista ds. Dokumentacji Technicznej,ENTER AIR SERVICES Sp. z o.o.,Warszawa,junior/mid,Junior–Mid,stacjonarna,On-site,umowa zlecenie / B2B,Multiple options,dokumentacja techniczna,Information & documentation,brak informacji,brak informacji,No,Archived direct record,https://www.pracuj.pl/praca/mlodszy-specjalista-ds-dokumentacji-technicznej-warszawa-komitetu-obrony-robotnikow-74%2Coferta%2C1004185309,2026-07-09,"dokumentacja techniczna, informacje techniczne",junior/mid,pasuje – dokumentacja techniczna,archiwalna,No,No
34,Pracuj.pl,Młodszy Specjalista ds. Dokumentacji Medycznej LUXMED,LUX MED Sp. z o.o.,Warszawa,junior/asystent,Junior / entry,stacjonarna,On-site,umowa o pracę,Employment contract,dokumentacja medyczna,Information & documentation,brak informacji,brak informacji,No,Archived direct record,https://www.pracuj.pl/praca/mlodszy-specjalista-ds-dokumentacji-medycznej-luxmed-warszawa-sw-wincentego-103%2Coferta%2C1003671196,2026-07-09,"dokumentacja, dane pacjentów, obieg informacji",junior,pasuje – dokumentacja i zarządzanie informacją w ochronie zdrowia,archiwalna,No,No
35,Pracuj.pl,Młodszy Specjalista ds. Raportowania,Biedronka / Jeronimo Martins Polska S.A.,Warszawa,junior,Junior / entry,stacjonarna,On-site,umowa o pracę,Employment contract,raportowanie,Reporting & BI,brak informacji,brak informacji,No,Archived direct record,https://www.pracuj.pl/praca/mlodszy-specjalista-ds-raportowania-warszawa-dolna-3%2Coferta%2C1004473827,2026-07-09,"raportowanie, zestawienia",angielski,pasuje – raportowanie i dane,archiwalna,No,No
36,Pracuj.pl,Młodszy Specjalista ds. Raportowania i Analiz,Atman sp. z o.o.,Warszawa,junior,Junior / entry,hybrydowa,Hybrid,umowa o pracę,Employment contract,raportowanie / analizy,Reporting & BI,brak informacji,brak informacji,No,Archived direct record,https://www.pracuj.pl/praca/mlodszy-specjalista-ds-raportowania-i-analiz-warszawa-grochowska-21a%2Coferta%2C1003702866,2026-07-09,raportowanie i analizy,junior,pasuje – raportowanie i analiza informacji,archiwalna,No,No
37,Pracuj.pl,Junior IT Strategy Analyst (Junior PMO),B2B.NET S.A.,cała Polska / wiele lokalizacji,junior,Junior / entry,brak danych,Unknown,brak danych,Unknown,PMO / analiza IT,Business & systems analysis,brak danych,brak danych,No,Needs verification,https://www.pracuj.pl/praca/junior%20it%20data%20analyst%3Bkw,2026-07-09,"analiza strategii IT, PMO, informacja projektowa",junior,"pasuje częściowo – PMO, analiza i informacja projektowa",do weryfikacji z listy wyników,No,No
38,Pracuj.pl,Junior Data Analyst,SIMPLIFAE POLAND S.A.,"Warszawa, Mokotów",junior,Junior / entry,brak danych,Unknown,brak danych,Unknown,analityczne / dane,Data analysis,brak danych,brak danych,No,Needs verification,https://www.pracuj.pl/praca/junior%20analyst%3Bkw/warszawa%3Bwp,2026-07-09,analiza danych,junior,pasuje – junior data analyst,do weryfikacji z listy wyników,No,No
39,Pracuj.pl,Młodszy Analityk Biznesowy,Karlsbad Sp. z o.o.,Warszawa,junior,Junior / entry,hybrydowa,Hybrid,umowa o pracę / B2B,Multiple options,analityczne / biznesowe,Business & systems analysis,brak danych,7 400–8 400 zł brutto/mies.,Yes,Needs verification,https://www.pracuj.pl/praca/m%C5%82odszy%20analityk%20biznesowy%3Bkw/warszawa%3Bwp,2026-07-09,analiza biznesowa,junior,pasuje – młodszy analityk biznesowy,do weryfikacji z listy wyników,No,No
40,Pracuj.pl,Junior Data Analyst,STAR HUNT,Warszawa,junior,Junior / entry,brak danych,Unknown,brak danych,Unknown,analityczne / dane,Data analysis,brak danych,brak danych,No,Needs verification,https://www.pracuj.pl/praca/junior-data-analyst-warszawa%2Coferta%2C1004139525,2026-07-09,analiza danych,junior,pasuje – junior data analyst,archiwalna / do weryfikacji,No,No
41,Pracuj.pl,Junior Analyst PMA,Circle K Polska Sp. z o.o.,Warszawa,junior/mid,Junior–Mid,stacjonarna,On-site,umowa o pracę,Employment contract,analityczne / biznesowe,Business & systems analysis,brak danych,brak danych,No,Needs verification,https://www.pracuj.pl/praca/junior-analyst-pma-warszawa-pulawska-86%2Coferta%2C1004200439,2026-07-09,"analizy, praca z danymi",angielski,pasuje częściowo – junior analyst,archiwalna / do weryfikacji,No,No
42,Pracuj.pl,Junior Analyst,Omnipack Sp. z o.o.,Warszawa,junior,Junior / entry,hybrydowa,Hybrid,umowa o pracę,Employment contract,analityczne / operacyjne,Data analysis,brak danych,3 000–4 000 zł brutto/mies.,Yes,Needs verification,https://www.pracuj.pl/praca/junior-analyst-warszawa%2Coferta%2C1001286917,2026-07-09,analiza danych/operacji,junior,pasuje – junior analyst,archiwalna / do weryfikacji,No,No
43,Pracuj.pl,Junior Consultant / Junior Analyst,Aurelis Consulting Sp. z o.o.,Warszawa,junior/mid,Junior–Mid,stacjonarna,On-site,umowa o pracę,Employment contract,consulting / analiza,Business & systems analysis,brak danych,brak danych,No,Needs verification,https://www.pracuj.pl/praca/junior-consultant-junior-analyst-warszawa-grzybowska-61%2Coferta%2C1002290076,2026-07-09,"analiza, consulting, informacje biznesowe",junior/mid,pasuje częściowo – analiza i praca z informacją,archiwalna / do weryfikacji,No,No
44,Pracuj.pl,Junior Analyst - Młodszy Analityk,Mercer,Warszawa,junior,Junior / entry,brak danych,Unknown,umowa o pracę,Employment contract,analityczne / consulting,Business & systems analysis,brak danych,brak danych,No,Needs verification,https://www.pracuj.pl/praca/junior-analyst-mlodszy-analityk-warszawa%2Coferta%2C1001116807,2026-07-09,"analiza danych, raportowanie",junior,pasuje – młodszy analityk,archiwalna / do weryfikacji,No,No
45,Pracuj.pl,Junior Analyst & Administration Operations Specialist,Raiffeisen Tech,Warszawa,junior,Junior / entry,hybrydowa,Hybrid,umowa o pracę,Employment contract,administracja / analiza operacyjna,Operations & data support,brak danych,brak danych,No,Needs verification,https://www.pracuj.pl/praca/junior-analyst-administration-operations-specialist-warszawa-plac-konesera-12%2Coferta%2C1003335207,2026-07-09,analiza i administracja operacyjna,junior,pasuje – administracja informacji i operacje,archiwalna / do weryfikacji,No,No
46,Pracuj.pl,Junior Analyst with German,Jones Lang LaSalle,Warszawa,junior/mid,Junior–Mid,zdalna/hybrydowa,Hybrid,umowa o pracę,Employment contract,analityczne / języki,Data analysis,brak danych,brak danych,No,Needs verification,https://www.pracuj.pl/praca/junior-analyst-with-german-warszawa%2Coferta%2C1003475461,2026-07-09,"analizy, praca z informacją","angielski, niemiecki",pasuje częściowo – analiza i języki,archiwalna / do weryfikacji,No,No
47,Pracuj.pl,Junior BI Analyst,Audioteka S.A.,Warszawa,junior,Junior / entry,brak danych,Unknown,brak danych,Unknown,BI / dane,Reporting & BI,BI,brak danych,No,Needs verification,https://www.pracuj.pl/praca/junior-bi-analyst-warszawa%2Coferta%2C1000428838,2026-07-09,analiza danych BI,junior,"pasuje – BI, dane, raportowanie",archiwalna / do weryfikacji,No,No
48,Pracuj.pl,Junior BI Developer,Performance Media,Warszawa,junior,Junior / entry,brak danych,Unknown,brak danych,Unknown,BI / dane,Reporting & BI,BI,brak danych,No,Needs verification,https://www.pracuj.pl/praca/junior-bi-developer-warszawa-bukszpanowa-18%2Coferta%2C1002403598,2026-07-09,"dashboardy, raporty, dane",junior,pasuje – BI i dane,archiwalna / do weryfikacji,No,No
49,Pracuj.pl,Junior BI Developer,BI RABBIT sp. z o.o.,Warszawa,junior/mid,Junior–Mid,stacjonarna,On-site,umowa zlecenie / B2B,Multiple options,BI / dane,Reporting & BI,BI,4 000–6 000 zł brutto/mies.,Yes,Needs verification,https://www.pracuj.pl/praca/junior-bi-developer-warszawa%2Coferta%2C1001499719,2026-07-09,"raportowanie, BI",junior/mid,pasuje – BI i dane,archiwalna / do weryfikacji,No,No
50,Pracuj.pl,Junior BI Developer,A.T. Kearney Sp. z o.o.,Warszawa,junior,Junior / entry,brak danych,Unknown,brak danych,Unknown,BI / dane,Reporting & BI,BI,brak danych,No,Needs verification,https://www.pracuj.pl/praca/junior-bi-developer-warszawa%2Coferta%2C1001929235,2026-07-09,"analiza BI, raportowanie",junior,pasuje – BI i informacja,archiwalna / do weryfikacji,No,No
51,Pracuj.pl,Młodszy Analityk Danych,Sii Sp. z o.o.,Warszawa,junior,Junior / entry,brak danych,Unknown,brak danych,Unknown,analityczne / dane,Data analysis,brak danych,brak danych,No,Needs verification,https://www.pracuj.pl/praca/mlodszy-analityk-danych-warszawa%2Coferta%2C1001572248,2026-07-09,analiza danych,junior,pasuje – młodszy analityk danych,archiwalna / do weryfikacji,No,No
52,Pracuj.pl,Młodszy Analityk Danych,GEODIS Poland Sp. z o.o.,Warszawa,junior,Junior / entry,stacjonarna,On-site,umowa o pracę,Employment contract,analityczne / logistyka,Data analysis,brak danych,brak danych,No,Needs verification,https://www.pracuj.pl/praca/mlodszy-analityk-danych-warszawa-postepu-17b%2Coferta%2C1004375905,2026-07-09,"analiza danych, logistyczne informacje organizacyjne",angielski,"pasuje – dane, analiza, logistyka",archiwalna / do weryfikacji,No,No
53,Pracuj.pl,Młodszy Analityk Danych (LUX MED Ubezpieczenia),LUX MED Sp. z o.o.,Warszawa,mid,Mid+,hybrydowa,Hybrid,umowa o pracę,Employment contract,analityczne / ubezpieczenia,Data analysis,brak danych,brak danych,No,Needs verification,https://www.pracuj.pl/praca/mlodszy-analityk-danych-lux-med-ubezpieczenia-warszawa-szturmowa-2%2Coferta%2C1003971191,2026-07-09,analiza danych,mid,"pasuje merytorycznie, ale poziom wyższy",archiwalna / do weryfikacji,No,No
54,Pracuj.pl,Młodszy analityk danych w Zespole Wsparcia Ryzyka,AvaFin,Warszawa,junior,Junior / entry,hybrydowa,Hybrid,umowa o pracę / B2B,Multiple options,risk/data,Data analysis,brak danych,brak danych,No,Needs verification,https://www.pracuj.pl/praca/mlodszy-analityk-danych-w-zespole-wsparcia-ryzyka-warszawa-bukowinska-22%2Coferta%2C1004521274,2026-07-09,analiza danych ryzyka,junior,pasuje – analiza danych i ryzyko,archiwalna / do weryfikacji,No,No
55,Pracuj.pl,Młodszy Specjalista ds. Raportowania i Analiz Aktuarialnych,brak danych,Warszawa,junior,Junior / entry,brak danych,Unknown,brak danych,Unknown,raportowanie / analizy,Reporting & BI,brak danych,brak danych,No,Needs verification,https://www.pracuj.pl/praca/mlodszy-specjalista-ds-raportowania-i-analiz-aktuarialnych-mssf17-warszawa%2Coferta%2C1003198446,2026-07-09,"analizy aktuarialne, raportowanie",junior,pasuje – raportowanie i analiza danych,archiwalna / do weryfikacji,No,No
56,Pracuj.pl,Młodszy specjalista ds. raportowania i administracji danych,PRO PEOPLE Sp. z o.o.,Warszawa,junior,Junior / entry,stacjonarna,On-site,umowa o pracę / B2B,Multiple options,raportowanie / administracja danych,Reporting & BI,brak danych,brak danych,No,Needs verification,https://www.pracuj.pl/praca/mlodszy-specjalista-ds-raportowania-i-administracji-danych-warszawa-rownolegla-4a%2Coferta%2C1002546199,2026-07-09,"raportowanie, administracja danych",junior,pasuje – raportowanie i administracja danych,archiwalna / do weryfikacji,No,No
57,Pracuj.pl,Junior Reporting Analyst,Cheil Poland,Warszawa,junior,Junior / entry,brak danych,Unknown,brak danych,Unknown,raportowanie,Reporting & BI,brak danych,brak danych,No,Needs verification,https://www.pracuj.pl/praca/junior-reporting-analyst-warszawa%2Coferta%2C1000290313,2026-07-09,"raportowanie, analiza danych",junior,pasuje – reporting analyst,archiwalna / do weryfikacji,No,No
58,Pracuj.pl,Junior Reporting Analyst,DLA PIPER GSC Poland,Warszawa,junior,Junior / entry,hybrydowa,Hybrid,umowa o pracę,Employment contract,raportowanie,Reporting & BI,brak danych,brak danych,No,Needs verification,https://www.pracuj.pl/praca/junior-reporting-analyst-warszawa%2Coferta%2C1002186914,2026-07-09,"standardowe i ad hoc raporty, SLA, obsługa klientów wewn./zewn.",junior,bardzo pasuje – raportowanie i obieg informacji,archiwalna / do weryfikacji,No,No
59,Pracuj.pl,Junior Reporting Analyst (entry level),Citi Poland,Warszawa,entry-level/junior,Junior / entry,brak danych,Unknown,umowa o pracę,Employment contract,raportowanie,Reporting & BI,brak danych,brak danych,No,Needs verification,https://www.pracuj.pl/praca/junior-reporting-analyst-entry-level-warszawa%2Coferta%2C1001670660,2026-07-09,"raportowanie, dane finansowe",entry-level,bardzo pasuje – entry-level reporting,archiwalna / do weryfikacji,No,No
60,Pracuj.pl,Junior Reporting Analyst with Spanish,PepsiCo,Kraków,junior,Junior / entry,brak danych,Unknown,brak danych,Unknown,raportowanie / języki,Reporting & BI,brak danych,brak danych,No,Needs verification,https://www.pracuj.pl/praca/junior-reporting-analyst-with-spanish-krakow%2Coferta%2C1000220904,2026-07-09,"raportowanie, język hiszpański",junior,pasuje – raportowanie i informacja,archiwalna / do weryfikacji,No,No
61,Pracuj.pl,Junior Reporting Analyst with German (B1),Lufthansa Group Business Services Sp. z o.o.,Kraków,junior/mid,Junior–Mid,hybrydowa,Hybrid,umowa o pracę,Employment contract,raportowanie / języki,Reporting & BI,brak danych,brak danych,No,Needs verification,https://www.pracuj.pl/praca/junior-reporting-analyst-with-german-b1-krakow-wadowicka-3b%2Coferta%2C1003725453,2026-07-09,"raportowanie, praca z danymi","angielski, niemiecki",pasuje – raportowanie i dane,archiwalna / do weryfikacji,No,No
62,Pracuj.pl,Junior Business Analyst,PAVE POLAND sp. z o.o.,Warszawa,junior,Junior / entry,hybrydowa,Hybrid,umowa o pracę,Employment contract,analiza biznesowa,Business & systems analysis,brak danych,6 500–9 000 zł brutto/mies.,Yes,Needs verification,https://www.pracuj.pl/praca/junior-business-analyst-warszawa-chmielna-73%2Coferta%2C1004245129,2026-07-09,"analiza biznesowa, product management",junior,pasuje – junior business analyst,archiwalna / do weryfikacji,No,No
63,Pracuj.pl,Junior Business Analyst,ASTEK Polska,Warszawa,junior,Junior / entry,hybrydowa,Hybrid,umowa o pracę / B2B,Multiple options,analiza biznesowa,Business & systems analysis,MS Office,5 500–6 500 zł brutto/mies.,Yes,Needs verification,https://www.pracuj.pl/praca/junior-business-analyst-warszawa%2Coferta%2C1003417098,2026-07-09,"dokumenty, raporty, komunikacja z interesariuszami",junior,"bardzo pasuje – dokumenty, raporty, analiza biznesowa",archiwalna / do weryfikacji,No,No
64,Pracuj.pl,Junior Business Analyst,Randstad Polska Sp. z o.o.,Warszawa,junior,Junior / entry,hybrydowa,Hybrid,umowa o pracę,Employment contract,analiza biznesowa,Business & systems analysis,brak danych,brak danych,No,Needs verification,https://www.pracuj.pl/praca/junior-business-analyst-warszawa%2Coferta%2C1002095371,2026-07-09,analiza biznesowa,junior,pasuje – junior business analyst,archiwalna / do weryfikacji,No,No
65,Pracuj.pl,Junior Business Analyst,Integral Solutions,Warszawa,junior,Junior / entry,brak danych,Unknown,brak danych,Unknown,analiza biznesowa/systemowa,Business & systems analysis,brak danych,brak danych,No,Needs verification,https://www.pracuj.pl/praca/junior-business-analyst-warszawa%2Coferta%2C1004695678,2026-07-09,analiza biznesowa i systemowa,junior,pasuje – business/system analyst,archiwalna / do weryfikacji,No,No
66,Pracuj.pl,Junior Business Analyst (Talent Program),BEC Poland,Warszawa,junior,Junior / entry,hybrydowa,Hybrid,umowa o pracę,Employment contract,analiza biznesowa / program talentowy,Business & systems analysis,brak danych,6 000 zł brutto/mies.,Yes,Needs verification,https://www.pracuj.pl/praca/junior-business-analyst-talent-program-warszawa%2Coferta%2C1001630813,2026-07-09,"analiza biznesowa, program dla początkujących",junior,bardzo pasuje – entry-level/talent program,archiwalna / do weryfikacji,No,No
67,Pracuj.pl,Junior Business Analyst,Citi Poland,Warszawa,junior,Junior / entry,brak danych,Unknown,brak danych,Unknown,analiza biznesowa,Business & systems analysis,brak danych,brak danych,No,Needs verification,https://www.pracuj.pl/praca/junior-business-analyst-warszawa%2Coferta%2C1001541977,2026-07-09,analiza biznesowa,junior,pasuje – junior business analyst,archiwalna / do weryfikacji,No,No
68,No Fluff Jobs,Junior Data Analyst,Experis Polska,Wrocław,junior,Junior / entry,hybrydowa,Hybrid,B2B,B2B,data analyst,Data analysis,"Qlik, UX, SharePoint",13 440–15 120 PLN + VAT B2B/mies.,Yes,Needs verification,https://nofluffjobs.com/pl/job/junior-data-analyst-experis-polska-wroclaw,2026-07-09,"analiza danych, narzędzia danych",junior,bardzo pasuje – junior data analyst,zweryfikować aktualność,No,No
69,No Fluff Jobs,Junior Data Analyst,Antal,Warszawa,junior,Junior / entry,brak danych,Unknown,umowa o pracę,Employment contract,data analyst / accounting,Data analysis,"MS Office, Excel",widełki na stronie,No,Needs verification,https://nofluffjobs.com/pl/job/junior-data-analyst-antal-warszawa,2026-07-09,"analiza danych, Excel",junior,pasuje – junior data analyst,zweryfikować aktualność,No,No
70,No Fluff Jobs,Junior Data Analyst,Comscore via CC,zdalnie,junior,Junior / entry,zdalna,Remote,B2B,B2B,data analyst,Data analysis,brak danych,6 000–8 000 PLN + VAT B2B/mies.,Yes,Needs verification,https://nofluffjobs.com/pl/job/junior-data-analyst-comscore-via-cc-remote,2026-07-09,analiza danych,junior,pasuje – junior data analyst remote,zweryfikować aktualność,No,No
71,Indeed,Junior Data Analyst,OEConnection,Kraków,junior,Junior / entry,brak informacji,Unknown,brak informacji,Unknown,analityczne / dane,Data analysis,"Excel, MS Office",brak informacji,No,Needs verification,https://pl.indeed.com/q-junior-data-analyst-oferty-pracy.html,2026-07-09,"analiza danych, praca z danymi, weryfikacja i porządkowanie informacji","język angielski, umiejętności analityczne",pasuje – stanowisko juniorskie z obszaru analizy danych i jakości informacji,do weryfikacji – wynik/źródło z Indeed,No,No
72,Indeed,Data Analyst / Data Engineer (Junior/Mid),Payarto,Warszawa,junior/mid,Junior–Mid,brak informacji,Unknown,brak informacji,Unknown,analityczne / dane / BI,Reporting & BI,"SQL, Python/R, narzędzia BI",brak informacji,No,Needs verification,https://pl.indeed.com/q-data-analyst-l-warszawa%2C-mazowieckie-oferty-pracy.html,2026-07-09,"analiza danych, business intelligence, praca z bazami danych","1–5 lat doświadczenia, SQL, angielski","częściowo pasuje – poziom junior/mid, analiza danych i BI",do weryfikacji – wynik/źródło z Indeed,No,No
73,Indeed,Junior Data Governance Analyst,Madiff,zdalnie,junior,Junior / entry,zdalna,Remote,brak informacji,Unknown,data governance / jakość danych,Data governance & quality,brak informacji,brak informacji,No,Needs verification,https://pl.indeed.com/q-data-analyst-l-zdalnie-oferty-pracy.html,2026-07-09,"data governance, data management, data quality, transformacja danych",doświadczenie juniorskie w data management/governance,"bardzo pasuje – ład danych, jakość i zarządzanie informacją",do weryfikacji – wynik/źródło z Indeed,Yes,No
74,Indeed,Junior Data Management and Reporting Analyst,Eurofins,Katowice,junior,Junior / entry,brak informacji,Unknown,brak informacji,Unknown,raportowanie / zarządzanie danymi,Reporting & BI,"Excel, narzędzia raportowe",brak informacji,No,Needs verification,https://pl.indeed.com/q-data-analyst-l-zdalnie-oferty-pracy.html,2026-07-09,"ad hoc reporting, business data analysis, zarządzanie danymi","angielski, analiza danych",bardzo pasuje – raportowanie i zarządzanie danymi,do weryfikacji – wynik/źródło z Indeed,Yes,No
75,Indeed,Cybersecurity Support Analyst,SCALO,Wrocław,junior/specjalista,Junior–Mid,brak informacji,Unknown,brak informacji,Unknown,support / analiza informacji,Operations & data support,MS Office,brak informacji,No,Needs verification,https://pl.indeed.com/q-junior-data-analyst-l-wroc%C5%82aw%2C-dolno%C5%9Bl%C4%85skie-oferty-pracy.html,2026-07-09,"analiza procesów, praca z dokumentacją i informacją operacyjną","MS Office, dokładność, organizacja pracy","pasuje warunkowo – analiza procesów, informacje i systemy bezpieczeństwa",do weryfikacji – wynik/źródło z Indeed,Yes,No
76,Indeed,Energy Data Analyst,E&C,Wrocław,junior/specjalista,Junior–Mid,brak informacji,Unknown,brak informacji,Unknown,analityczne / dane branżowe,Data analysis,brak informacji,brak informacji,No,Needs verification,https://pl.indeed.com/q-junior-data-analyst-l-wroc%C5%82aw%2C-dolno%C5%9Bl%C4%85skie-oferty-pracy.html,2026-07-09,analiza i synteza danych dla klientów i zespołów,"umiejętności analityczne, komunikacja",pasuje – analiza danych branżowych i komunikowanie wniosków,do weryfikacji – wynik/źródło z Indeed,Yes,No
77,JustJoinIT,Junior Data Analyst (Banking / Data Warehouse),CGI,Warszawa,junior,Junior / entry,brak informacji,Unknown,brak informacji,Unknown,data warehouse / analiza danych,Reporting & BI,"SQL, Data Warehouse",brak informacji,No,Needs verification,https://justjoin.it/job-offer/cgi-junior-data-analyst-banking-data-warehouse--warszawa-data,2026-07-09,"wsparcie rozwoju hurtowni danych, analiza danych bankowych","SQL, analityka, angielski","bardzo pasuje – hurtownia danych, analiza i systemy informacyjne",zweryfikowana w wynikach wyszukiwania,No,No
78,JustJoinIT,Junior Data Analyst,The Swarm,Kraków,junior,Junior / entry,brak informacji,Unknown,brak informacji,Unknown,analityczne / dane,Data analysis,brak informacji,brak informacji,No,Needs verification,https://justjoin.it/job-offer/the-swarm-junior-data-analyst-krakow-analytics,2026-07-09,"analiza danych, przygotowywanie zestawień i wniosków",umiejętności analityczne,pasuje – stanowisko juniorskie w analizie danych,zweryfikowana w wynikach wyszukiwania,No,No
79,JustJoinIT,Junior Product/Data Analyst – e-Xperience Program,Allegro,Warszawa,junior / program absolwencki,Junior / entry,brak informacji,Unknown,brak informacji,Unknown,product analytics / dane,Data analysis,brak informacji,brak informacji,No,Needs verification,https://justjoin.it/job-offer/allegro-junior-product-data-analyst---e-xperience-program-associate-warszawa-data,2026-07-09,"analiza danych produktowych, raportowanie, wspieranie decyzji","analityka, komunikacja, praca z danymi","bardzo pasuje – program wejściowy, analiza danych produktowych",zweryfikowana w wynikach wyszukiwania,No,No
80,JustJoinIT,Junior Data Analyst,FINANTEQ,Lublin,junior,Junior / entry,brak informacji,Unknown,brak informacji,Unknown,analityczne / dane,Data analysis,brak informacji,2 042–3 131 USD/mies.,Yes,Needs verification,https://justjoin.it/job-offer/finanteq-junior-data-analyst-lublin-data,2026-07-09,"analiza danych, raportowanie, wspieranie procesów biznesowych","min. roczne doświadczenie, wykształcenie kierunkowe","pasuje – junior data analyst, choć wymaga doświadczenia",zweryfikowana w wynikach wyszukiwania,No,No
81,JustJoinIT,Junior Data Engineer (Azure Data Factory),brak informacji,Kraków / Polska,junior,Junior / entry,brak informacji,Unknown,brak informacji,Unknown,data engineering / systemy danych,Reporting & BI,"Azure Data Factory, SQL",1 888–3 399 USD/mies.,Yes,Needs verification,https://justjoin.it/job-offers/krakow/data,2026-07-09,"przetwarzanie danych, praca z systemami danych","narzędzia chmurowe, SQL","pasuje warunkowo – bardziej techniczne, ale dotyczy systemów danych",do weryfikacji – wynik kategorii data,No,No
82,JustJoinIT,Junior Business Analyst,brak informacji,Warszawa / Polska,junior,Junior / entry,brak informacji,Unknown,brak informacji,Unknown,analiza biznesowa / informacja,Information & documentation,brak informacji,2 287–2 516 USD/mies.,Yes,Needs verification,https://justjoin.it/job-offers/warszawa/analytics,2026-07-09,"analiza wymagań biznesowych, dokumentacja, komunikacja z interesariuszami","komunikacja, analiza procesów",bardzo pasuje – analiza informacji i dokumentacja wymagań,do weryfikacji – wynik kategorii analytics,No,No
83,Aplikuj.pl,Junior Operations Analyst (M/K),ManpowerGroup Sp. z o.o.,Warszawa,junior,Junior / entry,hybrydowa,Hybrid,kontrakt B2B,B2B,operations / analiza danych,Operations & data support,"Excel, Power BI",brak informacji,No,Needs verification,https://www.aplikuj.pl/oferta/3216565/junior-operations-analyst-m-k-kontrakt-b2b-manpowergroup-sp-z-o-o,2026-07-09,"praca z dużymi zbiorami danych, uzgodnienia, finanse, operacje","1–3 lata, angielski B2/C1, Excel, Power BI","bardzo pasuje – analiza operacyjna, dane i raportowanie",zweryfikowana w wynikach wyszukiwania,No,No
84,Aplikuj.pl,Analityk danych,różni pracodawcy,cała Polska,junior/specjalista,Junior–Mid,różny,Mixed / flexible,różna,Multiple options,analityczne / dane,Data analysis,"Excel, SQL, Power BI",brak informacji,No,Needs verification,https://www.aplikuj.pl/praca/analityk-danych/strona-16,2026-07-09,"analiza danych, raportowanie, praca z informacją",zależnie od oferty,źródło do selekcji ofert z obszaru analityki danych,wyniki wyszukiwania – wybrać konkretne oferty,No,No
85,Aplikuj.pl,Junior Operations / Data Analyst,różni pracodawcy,Warszawa,junior,Junior / entry,hybrydowa / zdalna,Hybrid,różna,Multiple options,operations / dane,Operations & data support,"Excel, Power BI",brak informacji,No,Needs verification,https://www.aplikuj.pl/praca/warszawa/junior,2026-07-09,"analiza operacyjna, raportowanie, kontrola danych","analityka, dokładność, komunikacja",pasuje – stanowiska operacyjno-analityczne dla juniorów,wyniki wyszukiwania – wybrać konkretne oferty,No,No
86,Aplikuj.pl,Analityk finansowy,różni pracodawcy,Warszawa,junior/specjalista,Junior–Mid,różny,Mixed / flexible,różna,Multiple options,analityczne / finansowe,Data analysis,"Excel, Power BI",8 000–19 000 zł brutto/mies. w wynikach kategorii,Yes,Needs verification,https://www.aplikuj.pl/praca/warszawa/analityk-finansowy,2026-07-09,"analiza finansowa, dane, raportowanie","analityka, finanse, Excel","pasuje częściowo – analiza i raportowanie, ale wymaga selekcji ofert juniorskich",wyniki wyszukiwania – wybrać konkretne oferty,No,No
87,Aplikuj.pl,Specjalista ds. dokumentacji,różni pracodawcy,cała Polska,junior/specjalista,Junior–Mid,różny,Mixed / flexible,różna,Multiple options,dokumentacja / informacja,Information & documentation,"MS Office, systemy obiegu dokumentów",brak informacji,No,Needs verification,https://www.aplikuj.pl/praca/specjalista-ds-dokumentacji,2026-07-09,"zarządzanie dokumentacją, archiwizacja, porządkowanie informacji","dokładność, organizacja pracy, MS Office",bardzo pasuje – dokumentacja i organizacja informacji,do weryfikacji – wyszukiwanie portalu,No,Yes
88,OLX Praca,Młodszy specjalista ds. administracji i dokumentacji,różni pracodawcy,cała Polska,junior,Junior / entry,stacjonarna / hybrydowa,Hybrid,umowa o pracę / zlecenie,Multiple options,administracyjno-informacyjne,Operations & data support,MS Office,brak informacji,No,Needs verification,https://www.olx.pl/praca/q-m%C5%82odszy-specjalista-ds-dokumentacji/,2026-07-09,"obsługa dokumentów, wprowadzanie danych, archiwizacja informacji","dokładność, organizacja, MS Office",pasuje – praca z dokumentacją i danymi organizacyjnymi,do weryfikacji – wyniki OLX,No,No
89,OLX Praca,Pracownik administracyjny / wprowadzanie danych,różni pracodawcy,cała Polska,entry-level,Junior / entry,stacjonarna,On-site,różna,Multiple options,wprowadzanie danych / administracja,Operations & data support,"MS Office, systemy wewnętrzne",brak informacji,No,Needs verification,https://www.olx.pl/praca/q-wprowadzanie-danych/,2026-07-09,"wprowadzanie i porządkowanie danych, obsługa dokumentów","dokładność, podstawowa obsługa komputera",pasuje warunkowo – podstawowy poziom pracy z danymi i informacją,do weryfikacji – wyniki OLX,No,No
90,OLX Praca,Młodszy specjalista ds. obsługi klienta i administracji,różni pracodawcy,cała Polska,junior,Junior / entry,stacjonarna / hybrydowa,Hybrid,różna,Multiple options,obsługa klienta / informacja,Information & documentation,"CRM, MS Office",brak informacji,No,Needs verification,https://www.olx.pl/praca/q-m%C5%82odszy-specjalista-ds-obs%C5%82ugi-klienta/,2026-07-09,"obsługa zgłoszeń, aktualizacja danych, komunikacja informacyjna","komunikacja, dokładność, praca z systemem",pasuje – komunikacja informacyjna i aktualizacja danych w systemie,do weryfikacji – wyniki OLX,No,No
91,OLX Praca,Asystent / Asystentka ds. dokumentacji,różni pracodawcy,cała Polska,entry-level,Junior / entry,stacjonarna,On-site,różna,Multiple options,dokumentacja / administracja,Information & documentation,MS Office,brak informacji,No,Needs verification,https://www.olx.pl/praca/q-asystent-ds-dokumentacji/,2026-07-09,"kompletowanie, porządkowanie i archiwizacja dokumentów","dokładność, organizacja pracy",pasuje – wejściowe stanowisko dokumentacyjne,do weryfikacji – wyniki OLX,No,No
92,Bulldogjob,Junior Data Analyst,różni pracodawcy,Polska,junior,Junior / entry,zdalna / hybrydowa,Hybrid,B2B / UoP,Multiple options,analityczne / dane / IT,Data analysis,"SQL, Python, BI",brak informacji,No,Needs verification,"https://bulldogjob.pl/companies/jobs/s/city,Polska/skills,Data%20Analyst?experience=junior",2026-07-09,"analiza danych, przygotowywanie raportów, współpraca z zespołami IT/biznes","SQL, Excel/BI, angielski","pasuje – portal technologiczny, oferty data/analytics",do weryfikacji – wyniki portalu,No,No
93,Bulldogjob,Junior Business Analyst,różni pracodawcy,Polska,junior,Junior / entry,zdalna / hybrydowa,Hybrid,B2B / UoP,Multiple options,analiza biznesowa / dokumentacja,Information & documentation,"UML, Jira, Confluence",brak informacji,No,Needs verification,"https://bulldogjob.pl/companies/jobs/s/city,Polska/skills,Business%20Analyst?experience=junior",2026-07-09,"analiza wymagań, dokumentowanie procesów, komunikacja z interesariuszami","komunikacja, analityka, dokumentacja",bardzo pasuje – analiza informacji i dokumentacja wymagań,do weryfikacji – wyniki portalu,No,No
94,Bulldogjob,Junior BI Analyst,różni pracodawcy,Polska,junior,Junior / entry,zdalna / hybrydowa,Hybrid,różna,Multiple options,BI / raportowanie,Reporting & BI,"SQL, Power BI, Excel",brak informacji,No,Needs verification,"https://bulldogjob.pl/companies/jobs/s/city,Polska/skills,Power%20BI?experience=junior",2026-07-09,"tworzenie raportów, analiza danych, dashboardy","SQL, Power BI, analityka","bardzo pasuje – BI, raportowanie i analiza danych",do weryfikacji – wyniki portalu,No,No
95,GoWork.pl,Młodszy Analityk Danych,różni pracodawcy,cała Polska,junior,Junior / entry,różny,Mixed / flexible,różna,Multiple options,analityczne / dane,Data analysis,"Excel, SQL, Power BI",brak informacji,No,Needs verification,https://www.gowork.pl/praca/analityk-danych;st,2026-07-09,"analiza danych, zestawienia, raportowanie","umiejętności analityczne, Excel",pasuje – dodatkowy portal ogólny z ofertami pracy,do weryfikacji – wyniki GoWork,No,No
96,GoWork.pl,Specjalista ds. raportowania,różni pracodawcy,cała Polska,junior/specjalista,Junior–Mid,różny,Mixed / flexible,różna,Multiple options,raportowanie / analityka,Reporting & BI,"Excel, Power BI",brak informacji,No,Needs verification,https://www.gowork.pl/praca/specjalista-ds-raportowania;st,2026-07-09,"przygotowywanie raportów, obsługa danych, analiza informacji","Excel, dokładność, analityka",pasuje – raportowanie i praca z informacją,do weryfikacji – wyniki GoWork,No,No
97,GoWork.pl,Specjalista ds. dokumentacji,różni pracodawcy,cała Polska,junior/specjalista,Junior–Mid,różny,Mixed / flexible,różna,Multiple options,dokumentacja / informacja,Information & documentation,"MS Office, system obiegu dokumentów",brak informacji,No,Needs verification,https://www.gowork.pl/praca/specjalista-ds-dokumentacji;st,2026-07-09,"obsługa dokumentacji, archiwizacja, aktualizacja danych","dokładność, MS Office, organizacja",bardzo pasuje – zarządzanie dokumentacją i informacją,do weryfikacji – wyniki GoWork,No,Yes
98,LinkedIn,Junior Research Analyst,różni pracodawcy,Polska,junior,Junior / entry,zdalna / hybrydowa,Hybrid,różna,Multiple options,research / analiza informacji,Information & documentation,"Excel, narzędzia researchowe",brak informacji,No,Needs verification,https://pl.linkedin.com/jobs/junior-research-analyst-jobs,2026-07-09,"wyszukiwanie, selekcja i analiza informacji, przygotowanie zestawień","angielski, research, dokładność",bardzo pasuje – analiza i selekcja informacji,wyniki LinkedIn – wybrać konkretne oferty,No,No
99,LinkedIn,Junior Reporting Analyst,różni pracodawcy,Polska,junior,Junior / entry,zdalna / hybrydowa,Hybrid,różna,Multiple options,raportowanie / dane,Reporting & BI,"Excel, Power BI, SQL",brak informacji,No,Needs verification,https://pl.linkedin.com/jobs/junior-reporting-analyst-jobs,2026-07-09,"raportowanie, analiza danych, przygotowywanie zestawień","Excel/Power BI/SQL, angielski",bardzo pasuje – raportowanie i dane organizacyjne,wyniki LinkedIn – wybrać konkretne oferty,No,No
100,LinkedIn,Junior Knowledge Management Specialist,różni pracodawcy,Polska,junior,Junior / entry,zdalna / hybrydowa,Hybrid,różna,Multiple options,knowledge management / informacja,Information & documentation,"MS Office, systemy wiedzy",brak informacji,No,Needs verification,https://pl.linkedin.com/jobs/junior-knowledge-management-specialist-jobs,2026-07-09,"porządkowanie wiedzy organizacyjnej, dokumentacja, bazy wiedzy","komunikacja, organizacja informacji, angielski",bardzo pasuje – bezpośrednio obszar zarządzania wiedzą i informacją,wyniki LinkedIn – wybrać konkretne oferty,No,No
